{
    "accuracy": 0.9987061806416552,
    "precision": 0.9046538024971623,
    "recall": 0.7431235431235431,
    "f1_score": 0.8159713335039672,
    "roc_auc": 0.9971137841866958,
    "pr_auc": 0.8739531883764,
    "confusion_matrix": {
        "tn": 553406,
        "fp": 168,
        "fn": 551,
        "tp": 1594
    }
}