{
    "0": {
        "precision": 0.9989584574339424,
        "recall": 0.9997019368684222,
        "f1-score": 0.9993300588681426,
        "support": 553574.0
    },
    "1": {
        "precision": 0.9047893825735719,
        "recall": 0.731002331002331,
        "f1-score": 0.8086642599277978,
        "support": 2145.0
    },
    "accuracy": 0.998664792817953,
    "macro avg": {
        "precision": 0.9518739200037571,
        "recall": 0.8653521339353767,
        "f1-score": 0.9039971593979702,
        "support": 555719.0
    },
    "weighted avg": {
        "precision": 0.9985949775716819,
        "recall": 0.998664792817953,
        "f1-score": 0.9985941147331986,
        "support": 555719.0
    }
}