{
    "accuracy": 0.95,
    "precision": 0.0,
    "recall": 0.0,
    "f1_score": 0.0,
    "roc_auc": 0.9473684210526316,
    "pr_auc": 0.3333333333333333,
    "confusion_matrix": {
        "tn": 19,
        "fp": 0,
        "fn": 1,
        "tp": 0
    }
}