{
    "accuracy": 0.998664792817953,
    "precision": 0.9047893825735719,
    "recall": 0.731002331002331,
    "f1_score": 0.8086642599277978,
    "roc_auc": 0.9971519401414952,
    "pr_auc": 0.8718905936864852,
    "confusion_matrix": {
        "tn": 553409,
        "fp": 165,
        "fn": 577,
        "tp": 1568
    }
}